,LUT_impl,FF_impl,DSP_impl,BRAM_impl
xgb,0.93145367873203,0.8935427105912453,0.8048631488468239,0.8884147418387385
