,LUT_impl,FF_impl,DSP_impl,BRAM_impl
xgb,0.26181352384468226,0.3262779327640082,0.4417429695571579,0.33404379677111434
