,LUT_impl,FF_impl,DSP_impl,BRAM_impl
xgb,0.19252741124916717,0.22299425332257602,0.31209238626682034,0.20705573647632247
